160727,Stomp the Yard Collection
47814,The Thin Man Collection
9888,Home Alone Collection
104833,Fletch Collection
257071,All Stars Collectie
48317,The Man With No Name Collection
17178,Jackass Collection
359005,The Jake Gittes Collection
330892,Sides of the Bed
13800,Futurama Collection
150156,City Slickers Collection
8354,Ice Age Collection
87118,Cars Collection
157890,The Matt Helm Collection
12263,The Exorcist Collection
109609,The Fly Collection
3106,World of Watches Collection
475802,Super Size Me Collection
86028,The Nutty Professor Collection
84,Indiana Jones Collection
409026,Nobody Collection
107674,The Princess Diaries Collection
1974,The Grudge Collection
86347,Short Circuit Collection
8050,Highlander Collection
133830,Star Wars: The Ewok Adventures Collection
239766,The Klapisch Trilogy
101385,Trailer Park Boys Collection
53159,The Santa Clause Collection
118221,Weekend at Bernie's Collection
95891,In China They Eat Dogs Collection
52985,Wrong Turn Collection
103577,The Whole Nine/Ten Yards Collection
8385,Aki Kaurismäki's Finland trilogy
9309,Winnetou Collection
268098,Wolf Creek Collection
16302,Battle Royale Collection
9818,Mortal Kombat Collection
2980,Ghostbusters Collection
139450,Memories Collection
1241,Harry Potter Collection
33514,The Twilight Collection
97459,The Jungle Book Collection
300546,Once were Warriors Collection
295,Pirates of the Caribbean Collection
8945,Mad Max Collection
86058,Dirty Dancing Collection
31562,The Bourne Collection
86774,Che Collection
87186,The Boondock Saints Collection
94032,The Lion King Collection
149191,Lady Snowblood Collection
87805,The Gods Must Be Crazy Collection
108804,Outpost Collection
137696,"Monsters, Inc. Collection"
2467,Tomb Raider Collection
479888,The Thing Collection
84923,The Orphic Trilogy
133923,Zombi Collection
221539,Dracula (Universal Series)
10893,Critters Collection
422193,The Blob Collection
167691,Trilogy of Life
285564,Jarhead Collection
122952,Vampire Hunter D Collection
351886,The Postman Collection
1972,Ju-on Collection
478442,Lammbock Collection
123255,Prom Night Collection
93731,Waiting Collection
64751,Crank Collection
374509,Godzilla (Showa) Collection
107471,Yamakasi - Collection
212525,Trinità  Collection
2344,The Matrix Collection
109608,Van Helsing Collection
289531,Gator Collection
452675,Cleopatra Jones
52789,Cruel Intentions Collection
86092,Step Up Collection
412680,Hard Target Collection
287016,Wong Kar-Wai's Informal Collection
137697,Finding Nemo Collection
85861,Beverly Hills Cop Collection
10713,Universal Soldier Collection
52984,National Treasure Collection
119674,Psycho Collection
9887,Species Collection
96665,Dumb and Dumber Collection
140760,Final Fantasy Collection
529,Wallace & Gromit Collection
43058,Homeward Bound Collection
25542,An American Girl Collection
59567,Shanghai Noon Collection
259398,Teenage Apocalypse Trilogy
2366,The Jaws Collection
14890,Bad Boys Collection
86024,Legally Blonde Collection
5202,Wild Orchid Collection
9649,Mexico Trilogy
304,Ocean's Collection
1617,Erkan & Stefan Filmreihe
76291,Simon Brenner Collection
89188,Harry Palmer Collection
47627,Trancers Collection
340623,The Gate Collection
8918,The Hills Have Eyes (Reboot) Collection
44979,Big Momma's House Collection
37261,The Carry On Collection
237445,Inspector Gadget Collection
105995,Anaconda Collection
123800,Before... Collection
9485,The Fast and the Furious Collection
48194,Ator Collection
217704,The Vampire Chronicles
9088,The Little Polar Bear Collection
4246,Scary Movie Collection
94039,Asterix and Obelix (Animation) Collection
86115,Garfield Collection
98513,Behind Enemy Lines Collection
495,Shaft Collection
344936,Unna Trilogie
430186,Bring It On Collection
498,Heart of Gold Collection
556,Spider-Man Collection
338282,Single White Female Collection
115776,Robert Langdon Collection
10789,Pet Sematary Collection
86083,Grease Collection
387219,The Hustler Collection
117952,The Dentist Collection
2396,Asterix and Obelix Collection
116669,The Scorpion King Collection
105075,The Shadow Collection
295862,The BRD Collection
256729,War Trilogy
119,The Lord of the Rings Collection
1960,Evil Dead Collection
8647,The Skulls Collection
264335,The Eye Collection
166698,Westworld Collection
177062,Blondie Collection
115762,AVP Collection
125574,The Amazing Spider-Man Collection
8819,Casper Collection
89151,The Gremlins Collection
476065,What the Bleep! Collection
3601,I Know What You Did Last Summer Collection
404148,Olympia
1582,Teenage Mutant Ninja Turtles (Original) Collection
8917,Hellraiser Collection
8979,Wayne's World Collection
98036,Re-Animator Collection
43064,Speed Collection
263,The Dark Knight Collection
12075,Elling Collection
39460,The Water of the Hills Collection
252313,The Endless Summer Collection
261382,Clint Eastwood's Iwo Jima Collection
7505,Elements Trilogy
115839,Blue Crush Collection
48188,Poison Ivy Collection
10522,Starship Troopers Collection
97771,Major League Collection
2704,The Bible Collection
8537,Superman Collection
64750,Blair Witch Collection
251970,The Protector Collection
171439,F/X Collection
124881,Street Kings Collection
9068,The Prophecy Collection
328073,Síť (kolekce)
436295,Surf's Up Collection
10456,Dirty Harry Collection
304378,Independence Day Collection
52988,Hot Shots! Collection
656,Saw Collection
9521,Look Who's Talking Collection
23026,Ghost in the Shell Collection
328,Jurassic Park Collection
85960,My Girl Collection
86029,Charlie's Angels Collection
85943,Night at the Museum Collection
55428,Curious George Collection
280539,Lassie (Kinofilme)
167613,Alvin and the Chipmunks Collection
356437,Living Trilogy
17368,The Sisterhood of the Traveling Pants Collection
93791,Anchorman Collection
86105,American Psycho Collection
96676,Never Back Down Collection
52749,The Butterfly Effect Collection
86578,Hostel Collection
426985,Ivan The Terrible Collection
33059,Wild Things Collection
9329,Young Guns Collection
14563,The Ring Collection
91660,30 Days of Night Collection
93295,48 Hrs. Collection
10721,Mimic Collection
88574,Scanners Collection
201873,A Christmas Story Collection
257053,Carrie Collection
144146,Lemmy Caution Collection
12141,3 Men (Original) Collection
1565,28 Days/Weeks Later Collection
351684,The Flintstones (Live-Action) Collection
10919,The Omen Collection
96680,Smokin' Aces Collection
68589,The Wixxer Trilogy
8091,Alien Collection
101246,Azumi Collection
453993,The Wolverine Collection
41649,The Party Collection
131,Three Colors Collection
2794,The Chronicles of Riddick Collection
259027,The Wolf Man (Universal Series)
47983,Killer Tomatoes! Collection
456,Sissi Collection
425175,Texas Chainsaw (Reboot) Collection
179244,Pee-wee's Collection
2883,Kill Bill Collection
96679,Road Trip Collection
232403,Otto Collection
91657,Disney Buddies Collection
1657,Zorro Collection
33938,Airport Collection
51509,Meet the Parents Collection
133297,Ants in the Pants Collection
161314,The Angel Collection
240156,Sami Swoi Collection
138908,2 Days In... Collection
45154,Darkman Collection
4563,The Vengeance Collection
528,The Terminator Collection
265709,00 Schneider Filmreihe
8783,Fievel Collection
122017,Screamers Collection
165855,Kleines Arschloch Collection
439053,Brooklyn Cigar Store Collection
100965,Atlantis Collection
98462,Fu Manchu Collection
155474,French Connection Collection
152544,Green Street Hooligans Collection
97768,Lake Placid Collection
86113,Open Water Collection
203910,Pusher Collection
2248,Torrente Collection
389767,My Big Fat Greek Wedding Collection
264338,Rosemary's Baby Collection
462400,Wanted - Collection
134011,The Fugitive / U.S. Marshals Collection
460334,Bulldog Drummond (Richard Johnson) Collection
339577,Grindhouse Collection
397444,Kindergarten Cop Collection
103001,Fantomas Collection
86336,Basic Instinct Collection
10517,Le Gendarme de St. Tropez Collection
86117,Johnny English Collection
110127,Analyze Collection
151263,WarGames Collection
135502,Allan Quatermain Collection
123249,"Ilsa, She Wolf of the SS Collection"
5039,Rambo Collection
1006,Austin Powers Collection
3167,Ace Ventura Collection
8650,Transformers Collection
399,Predator Collection
278467,Trilogía de la violencia de Michael Haneke
8864,Final Destination Collection
105625,House of 1000 Corpses Collection
307637,Jingle All the Way Collection
158391,The Apu Collection
64748,Silent Hill Collection
286162,Power Rangers Collection
10924,From Dusk Till Dawn Collection
87359,Mission: Impossible Collection
14246,Sniper Collection
245129,Pumping Iron Collection
103573,Sister Act Collection
55427,Fantasia Collection
131295,Captain America Collection
92012,Happy Feet Collection
290973,"Crouching Tiger, Hidden Dragon Collection"
77816,Kung Fu Panda Collection
107469,Save The Last Dance Collection
162028,Stakeout Collection
457305,Man of Marble/Iron Collection
468222,The Incredibles Collection
261590,Living Dead Collection
424202,Trainspotting Collection
9743,The Hannibal Lecter Anthology
332357,The Dukes Of Hazzard Collection
17255,Resident Evil Collection
170452,Timecop Collection
224478,The Brady Bunch Collection
9735,Friday the 13th Collection
74508,[REC] Collection
91663,Airplane Collection
108693,National Lampoon's Vacation Collection
87258,The Descent Collection
441439,Alienation Trilogy
1733,The Mummy Collection
2150,Shrek Collection
372257,The Poseidon Adventure Collection
286006,Rest Stop Collection
206072,Running Out Of Time Collection
94899,Jeepers Creepers Collection
262011,Sleuth Collection
59586,The Blue Lagoon collection
294834,Vixens Collection
17235,Hellboy Collection
287684,Schule Collection
2806,American Pie Collection
4438,The Space Odyssey Series
10194,Toy Story Collection
123720,Frankenstein (Hammer Series)
3169,Dr. Dolittle Collection
8580,The Karate Kid Collection
52760,Urban Legend
125570,300 Collection
11794,Ginger Snaps Collection
100970,The Fox and the Hound Collection
122922,In the Name of the King Collection
114783,Cheaper by the Dozen Collection
94589,Ong Bak Collection
87250,Bambi Collection
151,Star Trek: The Original Series Collection
390096,Hitman Collection
476054,The Hitcher (1986) Collection
86860,Scooby-Doo Collection
215456,Keinohrhasen Filmreihe
110021,The Magnificent Seven Collection
8936,Bridget Jones Collection
342009,Die Nibelungen Filmreihe
9518,The Transporter Collection
9338,Police Academy Collection
218406,Frankenstein (Universal Series)
10,Star Wars Collection
9046,A Chinese Ghost Story Collection
330605,The Sting Collection
126580,One Missed Call Collection
314917,Flesh Gordon Collection
124949,Almighty Collection
124492,The Dirty Dozen Collection
3292,Tulse Luper
11716,Addams Family Collection
115570,Star Trek: The Next Generation Collection
9435,Babe Collection
110177,Goal! Collection
230,The Godfather Collection
166376,Hollow Man Collection
135495,King Kong (1933 series)
351667,Un éléphant ça trompe énormément
1709,Planet of the Apes Original Collection
93369,Ringu Collection
87631,The Musketeers Collection
43072,The Mask Collection
9436,The Crow Collection
85817,Arthur and the Invisibles Collection
279836,Herr Lehmann Filmreihe
182617,Elvira Collection
86055,Men In Black Collection
312744,Madicken
63043,TRON Collection
299748,Walking Tall Collection
119581,Elite Squad Collection
91361,Halloween Collection
437628,Constantine Collection
126209,Halloween (Rob Zombie Series) Collection
475520,The Yes Men Collection
124950,American Graffiti Collection
90306,Ghost Rider Collection
5547,RoboCop Collection
100286,Elizabeth Collection
135179,Sin City Collection
142680,Alex Cross Collection
2602,Scream Collection
192492,The Jack Ryan Collection
379920,Deadly Prey Collection
476066,Begotten Collection
387618,8MM Collection
348843,Vampires Collection
9332,Crocodile Dundee Collection
298820,American Pie (Spin-off) Collection
1952,USA: Land of Opportunities Collection
86486,Spy Kids Collection
93220,Miss Congeniality Collection
165679,Girl's on Top Collection
248126,Splash Collection
374511,Godzilla (Heisei) Collection
102777,White Noise Collection
211721,Taxi Collection
19387,The X-Files Collection
945,Lethal Weapon Collection
9328,Free Willy Collection
937,The Pink Panther (Original) Collection
123251,Iron Eagle Collection
264,Back to the Future Collection
221111,S.W.A.T. Collection
91746,Bill & Ted's Most Excellent Collection
106498,Dungeons & Dragons Collection
2326,Underworld Collection
52785,xXx Collection
50457,Sex and the City Collection
124188,Pulse Collection
14740,Madagascar Collection
223564,The Cell Collection
645,James Bond Collection
2643,Aces Go Places Collection
112860,Kati Collection
352789,Zoolander Collection
135483,Taken Collection
98580,Candyman Collection
1575,Rocky Collection
72119,"Honey, I Shrunk the Kids Collection"
43055,Conan the Barbarian Collection
115838,Escape From ... Collection
1570,Die Hard Collection
269098,Police Story Collection
112636,The Blues Brothers Collection
205860,The Black Mask Collection
103372,Mr. Bean Collection
120794,Batman Collection
66761,Open Season Collection
131292,Iron Man Collection
321061,The Wild Geese Collection
169452,DragonHeart Collection
420,The Chronicles of Narnia Collection
208765,Europa Trilogy
9744,Fantastic Four Collection
432,Cube Collection
141290,The Lord of the Rings Animated Collection
8581,A Nightmare on Elm Street Collection
109076,Lost Boys Collection
112399,Under Siege Collection
141084,Happily N'Ever After Collection
215606,Seven Dwarfs Collection
185682,The Adventures of Antoine Doinel
91698,Chili Palmer Collection
47770,Phantasm Collection
123289,Unoffical Ghosthouse Series
9500,Werner Collection
166373,The Marine Collection
8412,Anatomy Collection
91799,Tremors Collection
431417,Nevada Smith Collection
89264,Romancing the Stone Collection
10453,Poltergeist Collection
90863,Rush Hour Collection
164395,The Messengers Collection
96937,The Boogeyman Collection
115142,Tales from the Crypt Collection
422837,Blade Runner Collection
182813,Clerks Collection
239968,La cage aux folles
86027,Aladdin Collection
178106,Darko Collection
